keys,en,fi,ja
ui.block.day,DAY,PÄIVÄ,昼
ui.block.night,NIGHT,YÖ,夜
ui.day_n,DAY %02d,PÄIVÄ %02d,%02d日目
ui.era_line,2003 · AATAMI,2003 · AATAMI,2003 · アアタミ
cmd.city,CITY,KAUPUNKI,街
cmd.crew,CREW,PORUKKA,仲間
cmd.missions,MISSIONS,KEIKAT,依頼
cmd.end_day,END DAY,LOPETA PÄIVÄ,一日を終える
verb.look,LOOK,KATSO,見る
verb.act,ACT,TOIMI,行動
ui.leave_to_map,LEAVE — back to the map,POISTU — takaisin kartalle,去る — 地図に戻る
ui.back_to_map,Back to the map,Takaisin kartalle,地図に戻る
ui.select_place,Select a place on the map.,Valitse paikka kartalta.,地図から場所を選べ。
ui.nothing_here,Nothing here yet.,Täällä ei ole vielä mitään.,ここにはまだ何もない。
ui.closed_era,Closed in this era.,Suljettu tänä aikakautena.,この時代には閉じている。
ui.already_resolved,Already resolved.,Jo hoidettu.,もう済んだ。
ui.you_look,You look closer: %s,Katsot tarkemmin: %s,よく見ると: %s
ui.requires,requires: %s,vaatii: %s,必要: %s
ui.ledger,Ledger,Kirjanpito,帳簿
ui.ledger_earned,Only contacts you have earned appear here.,Vain ansaitut kontaktit näkyvät tässä.,得た伝手だけがここに載る。
ui.no_contacts,No contacts yet. Offers appear as you earn them.,Ei vielä kontakteja. Tarjoukset ilmestyvät kun ansaitset ne.,まだ伝手がない。得るごとに取引が現れる。
ui.market_ledger_n,Market ledger (%d),Kirjanpito (%d),帳簿 (%d)
ui.buy,BUY,OSTA,買う
ui.sell,SELL,MYY,売る
ui.buy_verb,Buy,Osta,買う
ui.sell_verb,Sell,Myy,売る
ui.trade_for,%s for €%d,%s hintaan %d €,%s €%d で
ui.short_by,short €%d,puuttuu %d €,€%d 足りない
ui.nothing_in_stock,nothing in stock,ei varastoa,在庫なし
ui.no_capacity,no capacity,ei tilaa,容量なし
ui.per_unit,€%d per %s · %s · %s,%d € / %s · %s · %s,€%d / %s · %s · %s
ui.crew_none,"Nobody yet. Crew are met through encounters, not hired from a list.","Ei vielä ketään. Porukka löytyy kohtaamisista, ei listalta palkkaamalla.",まだ誰もいない。仲間は出会いで得るもので、名簿から雇うものではない。
ui.crew_stats,condition %s · nerve %s · tempo %s · €%s/day,kunto %s · hermo %s · tempo %s · %s €/pv,体調 %s · 胆力 %s · 速さ %s · €%s/日
ui.no_missions,No missions signalled yet.,Ei vielä keikkoja.,まだ依頼はない。
ui.content_failed,Content failed to load,Sisällön lataus epäonnistui,コンテンツの読み込みに失敗
state.open,open,auki,開いている
state.lead,lead,johtolanka,手がかり
state.landmark,landmark,maamerkki,目印
state.rumoured,rumoured,huhuttu,噂
state.closed,closed,suljettu,閉じている
ui.prototype_relief,structural relief — prototype treatment,rakennekartta — prototyyppi,構造図 — 試作段階
ui.no_stage_art,no registered stage art for '%s' — placeholder,ei rekisteröityä lavastetaidetta kohteelle '%s' — paikanpitäjä,'%s' に登録された舞台美術なし — 仮
ui.content_en_only,Story text is authored in English only.,Tarinateksti on kirjoitettu vain englanniksi.,物語のテキストは英語のみ。
battle.round,ROUND,KIERROS,ラウンド
battle.phase.read,read intent,lue aikeet,意図を読む
battle.phase.command,your orders,komennot,命令
battle.phase.player,your team acts,porukkasi toimii,味方の行動
battle.phase.opponent,they act,he toimivat,相手の行動
battle.phase.fallout,fallout,seuraukset,結果
battle.phase.done,over,ohi,終了
battle.select_unit,Select one of your crew.,Valitse joku porukastasi.,仲間を選べ。
battle.condition,condition,kunto,体調
battle.nerve,nerve,hermo,胆力
battle.guard,guard,suoja,防御
battle.tempo,tempo,vauhti,速さ
battle.attack,ATTACK,HYÖKKÄÄ,攻撃
battle.brace,BRACE,SUOJAUDU,身構える
battle.reposition,REPOSITION,SIIRRY,移動
battle.confirm,CONFIRM,VAHVISTA,確定
battle.withdraw,WITHDRAW,VETÄYDY,撤退
battle.negotiate,NEGOTIATE,NEUVOTTELE,交渉
battle.automation,AUTOMATION,AUTOMAATIO,自動
battle.harm,harm,vahinko,被害
battle.chance,chance,mahdollisuus,確率
battle.risk,risk,riski,危険
battle.lethal_risk,LETHAL RISK,HENGENVAARA,致命的な危険
battle.no_target,No reachable target from here.,Ei kohdetta tästä.,ここから届く相手がいない。
battle.status.shaken,shaken,järkyttynyt,動揺
battle.status.wounded,wounded,haavoittunut,負傷
battle.status.critical,critical,kriittinen,重体
battle.status.downed,downed,kaatunut,戦闘不能
battle.status.routed,routed,paennut,敗走
battle.enter,Enter the %s,Mene %s-kohtaamiseen,%s の対決に入る
battle.row.front,FRONT,ETU,前
battle.row.middle,MIDDLE,KESKI,中
battle.row.back,BACK,TAKA,後
ui.crew_lost,%d crew did not come back,%d ei palannut,%d 人が戻らなかった
news.documented,DOCUMENTED,DOKUMENTOITU,記録済み
news.inference,INFERENCE,PÄÄTELMÄ,推論
news.accusation,ACCUSATION,SYYTÖS,告発
news.fiction,FICTION,FIKTIO,創作
news.sources,Sources,Lähteet,出典
news.continue,Turn it off,Sammuta,消す
news.presenter_placeholder,presenter model not yet approved,esiintyjämallia ei ole hyväksytty,presenter モデル未承認
cmd.messages,MESSAGES,VIESTIT,情報
news.none,Nothing has been broadcast yet.,Mitään ei ole vielä lähetetty.,まだ何も放送されていない。
battle.item,ITEM,TAVARA,道具
battle.no_item,Nothing to use.,Ei mitään käytettävää.,使える物がない。
battle.auto_off,AUTO OFF,AUTO POIS,自動 オフ
battle.auto_on,AUTO ON,AUTO PÄÄLLÄ,自動 オン
battle.stance,STANCE,ASENTO,構え
battle.stance_aggressive,AGGRESSIVE,HYÖKKÄÄVÄ,攻勢
battle.stance_defensive,DEFENSIVE,PUOLUSTAVA,守勢
battle.stance_hold,HOLD THE LINE,PIDÄ LINJA,戦線維持
battle.skip,SKIP TO RESULT,OHITA,結果へ
battle.faceoff,BEFORE IT STARTS,ENNEN ALKUA,始まる前に
battle.faceoff_yours,YOUR CREW,SINUN VÄKESI,あなたの一味
battle.faceoff_theirs,AGAINST,VASTASSA,相手
battle.faceoff_go,LET IT HAPPEN,ANNA TAPAHTUA,始めさせる
battle.faceoff_back,ACTUALLY FIGHT IT,TAISTELE ITSE,自分で戦う
crew.retired,THAT WAS THE LAST ONE,SE OLI VIIMEINEN,これで最後だ
crew.retired_note,They are out of the crew and still in the city. They will start the next one off better than you could — and they remember what you asked of them.,He ovat pois väestä mutta yhä kaupungissa. He opettavat seuraavan paremmin kuin sinä — ja muistavat mitä pyysit.,一味からは抜けたが街にはいる。次の者をあなたより上手く仕込むだろう。そして頼んだことを覚えている。
loot.taken,TAKEN OFF THEM,OTETTU HEILTÄ,奪ったもの
loot.unbuyable,Not for sale anywhere. The only way to hold one is to take it off somebody who already does.,Ei myynnissä missään. Ainoa tapa saada tällainen on ottaa se joltakulta jolla se jo on.,どこにも売っていない。持っている者から奪う以外に手に入れる方法はない。
equipment.baseball-bat,Baseball bat,Pesäpallomaila,野球のバット
equipment.baton,Baton,Pamppu,警棒
equipment.pipe,Length of pipe,Putkenpätkä,鉄パイプ
equipment.chain,Chain,Ketju,チェーン
equipment.sawn-off,Sawn-off,Katkaistu haulikko,短銃身の散弾銃
equipment.folding-knife,Folding knife,Linkkuveitsi,折りたたみナイフ
equipment.signal-flare,Signal flare,Merkkisoihtu,信号炎管
equipment.feature-phone,Feature phone,Peruspuhelin,携帯電話
equipment.first-handgun,Handgun,Käsiase,拳銃
equipment.tire-iron,Tire iron,Renkaanrauta,タイヤレバー
equipment.lifted-handgun,Lifted handgun,Varastettu käsiase,持ち出した拳銃
ui.hiring,TAKING ON,PALKKAAMASSA,雇い入れ
ui.hiring_note,Whoever is around today. Come back tomorrow and it will be somebody else.,Ketä sattuu olemaan tänään. Huomenna on joku muu.,今日その辺にいる者たち。明日になれば別の顔ぶれになる。
ui.hire,Take them on — €%d,Palkkaa — %d €,雇う — €%d
crew.career_left,%d fights left in them,%d ottelua jäljellä,あと%d戦
aftermath.your_crew,YOUR CREW — %d of %d still standing,VÄKESI — %d/%d vielä pystyssä,こちらの一味 — %d/%d 名が無事
aftermath.rout_title,THEY BROKE,HE MURTUIVAT,相手が崩れた
aftermath.rout_line,"Nobody had to be carried out. They ran, and they will remember that you let them.","Ketään ei tarvinnut kantaa pois. He juoksivat, ja muistavat että annoit heidän juosta.",運び出される者はいなかった。彼らは逃げ、逃がされたことを覚えているだろう。
aftermath.break_title,THE FIELD IS YOURS,KENTTÄ ON SINUN,その場を制した
aftermath.break_line,You held the ground and they did not. Somebody will be counting the cost of that tonight.,"Sinä pidit paikan, he eivät. Joku laskee sen hinnan tänä yönä.",こちらが場所を守り、向こうは守れなかった。今夜、誰かがその代償を数える。
aftermath.stand_down_title,IT DID NOT HAPPEN,SITÄ EI TAPAHTUNUT,何も起きなかった
aftermath.stand_down_line,"Both sides walked. Nothing taken, nothing owed — which is its own kind of result.","Molemmat kävelivät pois. Ei otettu mitään, ei jääty velkaa — sekin on tulos.",双方が引いた。奪いも借りもしない。それもまた一つの結果だ。
aftermath.withdrawal_title,YOU LEFT,LÄHDIT,退いた
aftermath.withdrawal_line,"You took the exit while there still was one. It cost you the ground, not the crew.","Otit uloskäynnin kun se vielä oli. Se maksoi paikan, ei väkeä.",出口があるうちに出た。失ったのは場所であって、人ではない。
aftermath.partial_title,NEITHER WAY,EI KUMPAANKAAN,決着はつかず
aftermath.partial_line,It ended without a decision. Everyone goes home with something to explain.,Se päättyi ilman ratkaisua. Jokainen menee kotiin selittämään jotain.,決着のないまま終わった。誰もが説明すべきことを抱えて帰る。
aftermath.defeat_title,YOU LOST IT,HÄVISIT SEN,奪われた
aftermath.defeat_line,They held and you did not. What your people were carrying is theirs now.,"He pitivät, sinä et. Se mitä väkesi kantoi on nyt heidän.",向こうが守り、こちらは守れなかった。持たせていた物は今や相手のものだ。
aftermath.status_downed,carried out,kannettu pois,担ぎ出された
aftermath.status_critical,one more hit from going down,yhden osuman päässä,あと一撃で倒れる
aftermath.status_wounded,"hurt, still working","loukkaantunut, yhä töissä",負傷、まだ動ける
aftermath.status_shaken,shaken,järkyttynyt,動揺している
aftermath.status_routed,ran,juoksi,逃げた
aftermath.status_missing,did not come back,ei tullut takaisin,戻らなかった
aftermath.status_dead,dead,kuollut,死亡
battle.no_read_yet,No read on them yet.,Ei vielä lukemaa heistä.,まだ読めない。
battle.intent_attack,will swing,lyö,殴りかかる
battle.intent_guard,is bracing,suojautuu,身構える
battle.intent_move,is moving,siirtyy,動く
battle.intent_item,will use something,käyttää jotain,何かを使う
battle.intent_stand_down,is backing off,perääntyy,引き下がる
battle.intent_withdraw,is leaving,lähtee,立ち去る
battle.aim_lane,at your lane %d,kaistallesi %d,第%dレーンを狙う
battle.aim_unknown,aim unclear,tähtäys epäselvä,狙いは不明
battle.intel_hint_bring,"Aim is fog — cover and distance cost the lane. Bring a watcher (intent-reading) or spotter; MARK spends a turn for the full read.","Tähtäys on sumussa — suoja ja etäisyys syövät kaistan. Tuo mukanaan watcher (intent-reading) tai spotter; MARK käyttää vuoron täyteen lukemaan.","狙いは霧の中。遮蔽と距離がレーンを奪う。ウォッチャー（intent-reading）かスポッターを連れて来い。MARKで一手使い、完全に読む。"
battle.intel_hint_raise,"Aim is fog — cover or distance. Your watcher/spotter already helps; MARK one of them for the full read.","Tähtäys on sumussa — suoja tai etäisyys. Watcher/spotter auttaa jo; MARK lukee yhden heistä kokonaan.","狙いは霧の中。遮蔽か距離。ウォッチャー／スポッターは既に効いている。MARKで一人を完全に読め。"
battle.withdraw_cost,Withdraw,Perääntyminen,撤退
battle.death_risk,Death risk,Kuolemanriski,死亡リスク
battle.death_ineligible,Death not eligible in this fight.,Kuolema ei ole mahdollinen tässä taistelussa.,この戦闘では死亡はない。
battle.in_cover,behind the %s,%s takana,%sの陰
battle.cover_generic,cover,suoja,遮蔽
battle.cover_blocks,Blocked — nothing gets through that.,Estetty — mikään ei mene läpi.,阻まれる — 何も通らない。
battle.cover_intercepts,Something is in the way. The swing will be caught.,Jotain on tiellä. Isku jää kiinni.,間に何かある。一撃は止められる。
battle.cover_pierced,This weapon goes through it.,Tämä ase menee siitä läpi.,この武器なら貫ける。
ui.fence,THE FENCE,KAUPPIAS,故買屋
ui.fence_elsewhere,Not here. Someone at Piritori will take it off you.,Ei täällä. Piritorilla joku ottaa sen käsiinsä.,ここでは無理だ。ピリトリなら引き取る者がいる。
ui.fence_nothing,You are carrying nothing worth selling.,Sinulla ei ole mitään myytävää.,売れる物は何も持っていない。
ui.fence_sell,Sell the %s — €%d,Myy %s — %d €,%sを売る — €%d
ui.fence_unbuyable,You will not be able to buy another one. Not at any price.,Toista et saa ostettua. Et millään hinnalla.,二度と買うことはできない。いくら積んでも無理だ。
ui.shop,THE SHOP,KAUPPA,店
ui.shop_elsewhere,Not here. Market gear is bought at Piritori.,Ei täällä. Markkinatavara ostetaan Piritorilta.,ここでは無理だ。市場の装備はピリトリで買う。
ui.shop_nothing,Nothing on offer right now.,Ei mitään tarjolla juuri nyt.,今は売り物がない。
ui.shop_buy,Buy the %s — €%d,Osta %s — %d €,%sを買う — €%d
police.arrived,SOMEBODY CALLED IT IN,JOKU SOITTI POLIISIT,誰かが通報した
police.note,"Too loud, too long. They came in behind one of you and started picking people up off the ground.","Liian äänekästä, liian pitkään. He tulivat toisen selustaan ja alkoivat kerätä väkeä maasta.",うるさすぎた、長すぎた。片方の背後から入り、倒れた者から拾い上げていった。
police.taken_note,"Taken. Not hurt, not dead — gone, along with everything they had learned.","Vietiin. Ei loukkaantunut, ei kuollut — poissa, ja kaikki oppimansa mukana.",連れて行かれた。負傷でも死でもない。学んだ全てごと消えた。
police.here,THEY ARE IN THE YARD,HE OVAT PIHALLA,奴らが庭にいる
police.choose,Decide now. Whoever is still on the ground when this is over goes with them.,"Päätä nyt. Ken on maassa kun tämä loppuu, lähtee heidän mukanaan.",今決めろ。これが終わったとき倒れている者は連れて行かれる。
police.back_off,Back off,Perääntykää,引く
police.help,Go back for them,Hakekaa heidät,連れ戻す
police.on_the_ground,%d of yours on the ground.,%d omaa maassa.,味方%d名が倒れている。
police.saved,Pulled out,Saatiin pois,救出
police.saved_note,Somebody went back for them. It cost what it cost.,Joku palasi hakemaan. Se maksoi mitä maksoi.,誰かが戻って連れ出した。相応の代償を払って。
police.unit,Police,Poliisi,警察
ui.menu,Settings,Asetukset,設定
map.legend_open,Open,Auki,開放
map.legend_teaser,"Seen, not yet reachable","Nähty, ei vielä auki",見えるが行けない
map.legend_locked,Closed to you,Suljettu sinulta,閉ざされている
map.legend_lead,Something waiting,Jotain odottaa,何かが待っている
equipment.cond_new,new,uusi,新品
equipment.cond_used,used,käytetty,中古
equipment.cond_faulty,faulty,viallinen,不良
equipment.cond_broken,broken,rikki,故障
chapter.progress,Toward the end of this one: %d of %d,Tämän loppuun: %d/%d,この章の目標: %d/%d
chapter.cleared,THAT IS THE END OF IT,SE OLI SIINÄ,これで終わりだ
chapter.next,Whatever comes next,Mitä seuraavaksi tuleekaan,次に来るものへ
chapter.out_clean,"It went quietly. The container is gone and so are you, and you have somewhere to put things now.","Meni hiljaa. Kontti on poissa ja niin olet sinäkin, ja nyt on paikka mihin panna tavaraa.",静かに済んだ。コンテナも消え、あなたも消えた。物を置く場所ができた。
chapter.out_messy,"It moved, but not cleanly. Something had to be left on the quay.","Se liikkui, muttei siististi. Jotain jäi laiturille.",動きはした。だが綺麗にではない。何かを岸に残した。
chapter.out_lost,It went wrong on the quay. Somebody did not come back.,Laiturilla meni pieleen. Joku ei tullut takaisin.,岸で失敗した。戻らなかった者がいる。
chapter.into,INTO CHAPTER %d,LUKUUN %d,第%d章へ
chapter.later,Chapter %d opens in a later build. This is what it will open with.,Luku %d avautuu myöhemmässä versiossa. Tällä se alkaa.,第%d章はまだ作られていない。始まる時はこうなる。
chapter.rule_carry,carries,säilyy,そのまま残る
chapter.rule_reset,resets,nollautuu,消える
chapter.rule_stake,standard stake,vakiopanos,決まった手持ち
chapter.row_cash,Cash,Käteinen,現金
chapter.row_stock,Stock,Varasto,在庫
chapter.row_gear,Weapons and gear,Aseet ja varusteet,武器と装備
chapter.row_crew,Crew,Porukka,仲間
chapter.row_relationships,Standing with people,Välit ihmisiin,人との仲
chapter.row_upgrades,Built upgrades,Rakennetut parannukset,作った場所
chapter.row_debt,Debt,Velka,借金
chapter.row_obligations,Favours owed,Velatut palvelukset,負った借り
chapter.row_markka,Markka,Markat,mk
chapter.row_exit_fund,Exit fund,Lähtörahasto,出発の金
chapter.row_mission_unlocks,Mission unlocks,Avatut keikat,開いた依頼
battle.read_ahead,and the one after,ja seuraavakin,次の手まで見える
battle.mark,Read them,Lue heidät,読む
battle.mark_note,Spend the round watching one of them. You will see everything about them for %d round(s).,Käytä vuoro yhden tarkkailuun. Näet heistä kaiken %d kierroksen ajan.,この手番を使って一人を観察する。%dラウンドの間、その者の全てが見える。
battle.glory_double,TWO,KAKSI,二人
battle.glory_near_death,STILL UP,YHÄ PYSTYSSÄ,まだ立っている
battle.sync,SYNC,SYNKRONI,連携
crew.level_n,Level %d,Taso %d,レベル%d
crew.pick_skill,Something new:,Jotain uutta:,新しく覚える:
crew.pick_perk,Or put %d point into:,Tai laita %d piste:,または%dポイントを:
perk.strength,Strength,Voima,力
perk.speed,Speed,Nopeus,速さ
perk.wits,Wits,Äly,知恵
perk.nerve,Nerve,Hermo,胆力
perk.toughness,Toughness,Sitkeys,頑丈さ
chapter.level_ups,Somebody has %d to spend,Jollakulla on %d käytettävänä,%d ポイント未使用
battle.levelled,LEVEL %d,TASO %d,レベル%d
ui.you_are_here,YOU ARE HERE,OLET TÄSSÄ,現在地
ui.inspecting,INSPECTING,KATSELET,確認中
ui.presence_line,AATAMI · %s    STORY LEAD · %s,AATAMI · %s    JUONEN VIHJE · %s,アータミ · %s    物語の手がかり · %s
ui.travel_first,The story lead is here. Travel there first.,Juonen vihje on täällä. Kulje ensin sinne.,物語の手がかりはここだ。まずそこへ移動しろ。
ui.travel_here,TRAVEL HERE · %s,KULJE TÄNNE · %s,ここへ移動 · %s
ui.journey_legs,JOURNEY · %d LEG(S),MATKA · %d OSUUS(TA),移動 · %d段階
ui.journey_cost,"Aatami walks there himself. In this build a journey costs no extra time or money: the clock moves only when a story beat ends. Travel time and risk are not balanced yet.","Aatami kävelee sinne itse. Tässä versiossa matka ei maksa lisäaikaa eikä rahaa: kello liikkuu vain, kun tarinan hetki päättyy. Matka-aikaa ja riskiä ei ole vielä tasapainotettu.",アータミは自分で行く。今は移動に時間も金もかからない。時が動くのは物語の一場が終わる時だけだ。移動の時間とリスクはまだ決まっていない。
ui.travel,TRAVEL,KULJE,移動する
ui.cancel_journey,CANCEL,PERU,やめる
ui.look_not_go,"You can look here, not go.","Tänne voi katsoa, ei mennä.",ここは見るだけで、行けない。
ui.journey_refused,That journey can't be made now — plan it again.,Matkaa ei voi tehdä nyt — suunnittele se uudelleen.,その移動は今はできない。もう一度選べ。
ui.next_enter,ENTER · %s,MENE SISÄÄN · %s,入る · %s
ui.next_travel_to,TRAVEL TO %s,KULJE PAIKKAAN %s,%sへ移動
ui.next_travel,TRAVEL · %s,KULJE · %s,移動する · %s
ui.next_hint_enter,Aatami is at %s. The story is here.,Aatami on paikassa %s. Tarina on täällä.,アータミは%sにいる。物語はここだ。
ui.next_hint_plan,The story has moved on. Aatami is still where you left him.,"Tarina on siirtynyt eteenpäin. Aatami on yhä siellä, mihin hänet jätit.",物語は動いた。だがアータミはまだそこにいる。
ui.next_hint_commit,Walk there now. Nothing is spent until you arrive.,Kävele sinne nyt. Mitään ei kulu ennen kuin olet perillä.,今そこへ移動する。着くまで何も使わない。
ui.at_place,at %s,paikassa %s,%sで
arrival.skip,SKIP ›,OHITA ›,スキップ ›
arrival.line_rain,"Kallio, 2003. It has rained for a week and the gutters have given up.","Kallio, 2003. Vettä on satanut viikon, eivätkä rännit enää vedä.",Kallio、2003。七日もあめが止まない。道はもうあめに負けた。
arrival.line_money,"Aatami steps off the 3 at Piritori with €%d, %d mk and a debt of €%d.","Aatami astuu kolmosesta Piritorilla. Taskussa %d €, %d mk ja velkaa %d €.",アータミはピリトリで3番から出る。手持ちは€%dと%d mk、借金は€%d。
arrival.line_due,€%d of it is due on day %d.,Siitä %d € erääntyy päivänä %d.,そのうち€%dは%d日目に払う。
arrival.line_hat,Up Vaasankatu the Tokon Ramen sign flickers. The man in the fur hat is at the tram stop again. He was there yesterday. Nobody gets on with him.,Vaasankadun päässä Tokon Ramenin kyltti lepattaa. Turkislakkinen mies on taas pysäkillä. Hän oli siellä eilenkin. Kukaan ei nouse kyytiin hänen kanssaan.,Vaasankatuの上の方で、Tokon Ramenの明かりが消えかけては戻る。かぶりものの人が、また3番を待つ場所にいる。前の日もいた。誰も彼とは3番に入らない。
ui.sound_on,SOUND · ON,ÄÄNI · PÄÄLLÄ,SOUND · オン
ui.sound_off,SOUND · OFF,ÄÄNI · POIS,SOUND · オフ
road.arriving,ARRIVING · %s,PERILLÄ · %s,着いた · %s
road.on_the_way,ON THE WAY · %s → %s,MATKALLA · %s → %s,移動中 · %s → %s
road.on_the_way_plain,ON THE WAY,MATKALLA,移動中
road.minutes,+%d MIN,+%d min,+%d分
road.no_time,NO TIME,EI AIKAA,時間なし
road.now,NOW %s,NYT %s,今 %s
road.continue,CONTINUE,JATKA,次へ
road.needs_crew,needs %d crew with you,vaatii %d porukasta mukaan,仲間%d人が必要
road.needs_pack,needs a pack on you,vaatii erän mukanasi,品を持っていること
street.button,STREET SELLER · GEAR,KATUKAUPPIAS · VARUSTEET,街の売人 · 装備
street.title,THE STREET SELLER,KATUKAUPPIAS,街の売人
street.line,"Gear under his coat, and he buys what you carry: best for the best condition, worst for broken.","Varusteita takin alla, ja hän ostaa sen mitä kannat: parhaasta kunnosta parhaan hinnan, rikkinäisestä huonoimman.",上着の下に装備がある。持ち物も買い取る。
street.back,BACK TO THE STREET,TAKAISIN KADULLE,街に戻る
story.case,CASE · %s,TAPAUS · %s,調べ · %s
story.not_yet,NOT YET · BACK TO THE STREET,EI VIELÄ · TAKAISIN KADULLE,まだだ · 街に戻る
story.missions_eyebrow,MISSIONS · %s,KEIKAT · %s,依頼 · %s
story.week_asks,WHAT THE WEEK ASKS,MITÄ VIIKKO VAATII,この七日間の依頼
story.status_complete,DONE,VALMIS,完了
story.status_partial,PARTLY,OSITTAIN,不完全
story.status_failed,LOST,MENETETTY,失敗
story.status_open,OPEN,AUKI,対応中
story.status_not_yet,NOT YET,EI VIELÄ,まだ
story.family_delivery_collection,Delivery,Toimitus,運び
story.family_information,Information,Tieto,情報
story.family_protection,Protection,Suojelu,守り
story.family_recovery,Recovery,Talteenotto,取り戻し
story.by_day,"by day %d, %s","päivään %d mennessä, %s",%d日目の%sまで
story.fight_avoidable,can become a fight (a way round exists),voi muuttua tappeluksi (kiertotie on),戦いになり得る（別の道もある）
story.fight_forced,can become a fight (no way round),voi muuttua tappeluksi (ei kiertotietä),戦いになり得る（別の道はない）
story.untold,Someone has not told you about this yet.,Kukaan ei ole vielä kertonut tästä.,まだ誰もこの話をしていない。
story.or_alt,or %s,tai %s,または%s
story.stake_clean,CLEAN,PUHTAASTI,完全
story.stake_partly,PARTLY,OSITTAIN,不完全
story.stake_lost,LOST,MENETETTY,失敗
story.board_eyebrow,CASE BOARD · %d/%d,TAPAUSTAULU · %d/%d,手がかり · %d/%d
story.key,KEY,AVAIN,重要
story.settled,Settled: %s.,Ratkaistu: %s.,決着: %s。
story.enough,Enough to act. %s is waiting at %s.,Tarpeeksi toimiaksesi. %s odottaa paikassa %s.,動ける。%sが%sで待っている。
story.keys_short,%d of %d key clues. The week has more to show you.,%d/%d avainvihjettä. Viikolla on vielä näytettävää.,重要な手がかり %d/%d。まだ見るべき物がある。
story.fx_exit,+€%d to the exit fund,+%d € lähtörahastoon,出発の金 +€%d
story.fx_intel,intel %s,tiedot %s,情報 %s
story.fx_packs,packs %s,erät %s,品 %s
story.fx_rel,standing with %s %s,välit: %s %s,%sとの仲 %s
story.fx_owes,you owe %s,olet velkaa: %s,%sに借り
story.fx_heat,heat at %s %s,kuumuus: %s %s,%sの危険 %s
story.fx_price,a buyer's price revealed,ostajan hinta paljastuu,買い手を知る
story.fx_wound,a wound possible,haava mahdollinen,負傷の危険
story.fx_critical,a critical wound possible,vakava haava mahdollinen,重傷の危険
story.fx_closed,a contact closed for a day,kontakti kiinni päiväksi,伝手が一日閉じる
story.fx_pattern,the van pattern,pakettiautojen kaava,バンの動き
story.fx_half_pattern,half the pattern,puolet kaavasta,動きの一片
story.fx_advantage,a rival gains ground,kilpailija vahvistuu,相手が勢いを得る
story.fx_debt_memory,the debt holder remembers,velkoja muistaa,借金の相手が覚える
story.cut_paid,"Kello's cut, counted on the square: €%d.","Kellon osuus, laskettu torilla: %d €.",Kelloの取り分、市場で数えた: €%d。
toko.button,TOKON RAMEN · A BOWL AND WHAT HE HEARD,TOKON RAMEN · KULHO JA MITÄ HÄN KUULI,TOKON RAMEN · 店と噂
toko.bowl_head,A BOWL AND WHAT HE HEARD · €%d,KULHO JA MITÄ HÄN KUULI · %d €,噂を買う · €%d
toko.bowl_note,"He tells you a price range for the best place to sell that you do not already know. A range, never a quote, and it ages like anything you saw yourself. One bowl a block: he has other customers.","Hän kertoo hintahaarukan parhaasta myyntipaikasta, jota et vielä tunne. Haarukka, ei koskaan tarkka hinta, ja se vanhenee kuten kaikki, minkä näit itse. Yksi kulho jaksossa: hänellä on muitakin asiakkaita.",まだ知らない一番の売り場で、いくらで売れるかのだいたいを話す。確かな数ではなく、自分で見た物のように古くなる。一つの時間帯に一つだけ。
toko.buy_bowl,BUY A BOWL · €%d,OSTA KULHO · %d €,噂を買う · €%d
toko.eaten,YOU HAVE EATEN THIS BLOCK,OLET JO SYÖNYT TÄSSÄ JAKSOSSA,この時間帯はもう済んだ
toko.bowl_cash,A BOWL IS €%d,KULHO MAKSAA %d €,噂は€%d
toko.weapons_head,UNDER THE COUNTER · EARLY WEAPONS,TISKIN ALTA · ENSIMMÄISET ASEET,店の下から · 武器
toko.weapons_note,"Toko sells a friend's weapons, nothing that goes bang. The first handgun, the fence and the rest of the gear are the street seller's, on Piritori.","Toko myy ystävän aseita, ei mitään mikä pamahtaa. Ensimmäinen käsiase, kätkijä ja muut varusteet ovat katukauppiaan, Piritorilla.",Tokoは銃を売らない。一つ目の銃と故買と残りの装備は、ピリトリの街の売人が持つ。
toko.told,"%s. They are paying €%d–€%d for a pack, if you get there soon. That is all I heard.","%s. Siellä maksetaan %d–%d € erästä, jos ehdit pian. Muuta en kuullut.",%s。今行けば、品一つが€%d–€%dで売れる。知っているのはそれだけだ。
toko.nothing_new,Nothing new tonight. Eat.,Ei mitään uutta tänään. Syö.,今夜は新しい噂はない。
toko.line_0,Broth has been on since Tuesday. It gets better. Everything else in Kallio gets worse.,Liemi on ollut tulella tiistaista asti. Se paranee. Kaikki muu Kalliossa huononee.,スープは何日も前から作っている。これは良くなる。Kallioの残りはだめになる。
toko.line_1,The man at table two has eaten the same bowl since 1998. Do not sit near him. He listens.,Kakkospöydän mies on syönyt samaa kulhoa vuodesta 1998. Älä istu hänen lähelleen. Hän kuuntelee.,二番の人は1998からここにいる。そばに行くな。話をみんな覚えている。
toko.line_2,Gear costs money. Gossip costs a bowl. Both are on the menu if you know where to look.,"Varusteet maksavat rahaa. Juorut maksavat kulhon. Molemmat ovat listalla, jos tiedät mistä katsoa.",装備には金がいる。噂は€6だ。どちらも、見る場所を知っていれば買える。
toko.line_3,Somebody paid tonight with a Soviet kopek. I kept it. Things like that come back.,Joku maksoi tänään neuvostokopeekalla. Pidin sen. Sellaiset palaavat.,今夜、誰かが見たこともない金で払った。取ってある。そういう物は戻ってくる。
toko.line_4,The radio picks up the police band when it rains. So it is always on.,"Radio kuulee poliisin taajuuden, kun sataa. Siksi se on aina päällä.",あめの日はこの電器に警察の話が入る。だから止めない。
toko.line_5,Your debt is not my business. But it walks past my window twice a day.,Velkasi ei ole minun asiani. Mutta se kävelee ikkunani ohi kahdesti päivässä.,あんたの借金は知ったことではない。だが一日に二度、店の前を通っていく。
toko.line_6,Three vans on Thursdays. I only count. I never ask.,Kolme pakettiautoa torstaisin. Minä vain lasken. En koskaan kysy.,決まった日に、バンが3つ来る。数えるだけだ。わけは知らない。
toko.line_7,The woman with the pram full of radios was here again. She paid in stamps.,"Nainen, jolla on rattaat täynnä radioita, oli taas täällä. Hän maksoi postimerkeillä.",電器を積んだあの人がまた来た。金ではない物で払った。
toko.line_8,Somebody keeps leaving one chopstick on the step. Just one. Every night.,Joku jättää yhden syömäpuikon portaalle. Vain yhden. Joka ilta.,誰かが店の前に、はしを一本置いていく。一本だけ。夜になるといつも。
toko.line_9,Kurvi had a power cut and nobody noticed for an hour. That tells you something about Kurvi.,"Kurvista katkesi sähköt, eikä kukaan huomannut tuntiin. Se kertoo Kurvista jotain.",Kurviで明かりが消えたが、一時間誰も知らなかった。Kurviがどういう場所か、それでわかる。
visit.button,VISIT · %s,KÄYNTI · %s,見に行く · %s
board.button,THE BOARD · WHAT YOU KNOW,TAULU · MITÄ TIEDÄT,相場 · 知っていること
board.eyebrow,THE BOARD · %s · %s,TAULU · %s · %s,相場 · %s · %s
board.title,WHAT YOU KNOW,MITÄ TIEDÄT,知っていること
board.note,"A quote is exact for the block you took it in, a range for four, a rumour for twelve, then nothing. Standing somewhere is how you learn its price.","Hinta on tarkka sillä jaksolla, jolloin sen näit, haarukka neljä jaksoa ja huhu kaksitoista, sitten ei mitään. Paikan hinnan oppii olemalla siellä.",その場で見た数は、その時間帯だけ確か。4つの時間帯はだいたい、12までは噂、その後は何もない。そこに立つことで数を知る。
board.here,HERE,TÄSSÄ,ここ
board.never,never been,et ole käynyt,行ったことがない
board.rumour_dear,a rumour: dear,huhu: kallis,噂: 上がっている
board.rumour_cheap,a rumour: cheap,huhu: halpa,噂: 下がっている
board.rumour_ordinary,a rumour: ordinary,huhu: tavallinen,噂: いつも通り
board.heard,"Toko, %d block(s) ago","Toko, %d jaksoa sitten",Toko · %d時間帯前
board.ago,%d block(s) ago,%d jaksoa sitten,%d時間帯前
board.go,You have not stood anywhere long enough to know a price. Go somewhere.,Et ole seissyt missään tarpeeksi kauan tietääksesi hintaa. Mene jonnekin.,どこにも長く立っていない。どこかへ行け。
board.why_thin,thin supply here,vähän tarjontaa täällä,ここは品が足りない
board.why_supplied,well supplied here,hyvin tarjolla täällä,ここは品が足りている
board.why_area,ordinary for the area,tavallinen tälle alueelle,このあたりではいつも通り
board.why_weekend,weekend crowd,viikonlopun väki,人でにぎわう日
board.why_midweek,quiet midweek,hiljainen arki,静かな日
board.why_late,late hour,myöhäinen tunti,夜の時間
board.why_evening,evening trade,illan kauppa,夜の前の売り買い
board.why_hour,ordinary hour,tavallinen tunti,いつもの時間
board.why_drift,ordinary week-to-week drift,tavallinen viikkovaihtelu,いつもの揺れ
board.why_untouched,you have not worked this place recently,et ole toiminut täällä hiljattain,このところここで動いていない
board.why_selling,you have been selling here,olet myynyt täällä,ここでよく売っている
board.why_buying,you have been buying here out,olet ostanut täältä liikaa,ここで買いすぎている
board.why_ordinary,nothing much moving it,mikään ei juuri liikuta sitä,動きはあまりない
board.heard_now,"Toko, this block","Toko, tällä jaksolla",Toko · この時間帯
board.now,this block,tällä jaksolla,この時間帯
ui.next_doors,CHOOSE A DOOR,VALITSE OVI,仕事を選ぶ
ui.next_hint_doors,The story leaves this block free. Take one door; the others close with the block.,Tarina jättää tämän jakson vapaaksi. Ota yksi ovi; muut sulkeutuvat jakson mukana.,この時間に物語はない。仕事を一つ選べ。残りはこの時間が終わると閉じる。
door.kind_gig,GIG,KEIKKA,仕事
door.kind_pickup,PICKUP,NOUTO,運び
door.kind_sale,SALE,MYYNTI,売り
door.kind_favour,FAVOUR,PALVELUS,頼み
door.kind_watch,WATCH,VAHTI,観察
door.kind_hit,HIT,ISKU,取り立て
door.from_network,THE NETWORK,VERKOSTO,つながり
door.from_street,THE STREET,KATU,街
door.from_toko,TOKO,TOKOLTA,トコ
door.from_mccormick_family,THE McCORMICKS,McCORMICKIT,McCormickの者
door.from_jade_lantern_network,THE JADE LANTERN,JADE LANTERN -VERKOSTO,Jade Lanternの者
door.risk_low,LOW RISK,PIENI RISKI,危険: 下
door.risk_medium,MEDIUM RISK,KOHTALAINEN RISKI,危険: 中
door.risk_high,HIGH RISK,SUURI RISKI,危険: 上
door.fight,CAN BECOME A FIGHT,VOI MUUTTUA TAPPELUKSI,戦いになり得る
door.late,LATE · CLOSES 22:00,MYÖHÄINEN · SULKEUTUU 22.00,夜 · 22:00に閉じる
door.take,TAKE · %s,OTA · %s,取る · %s
door.closed,CLOSED,SULJETTU,閉じた
door.free_block,%s · FREE BLOCK,%s · VAPAA JAKSO,%s · 物語のない時間
door.open_n,%d DOORS OPEN,%d OVEA AUKI,開いた仕事 %d
door.note,"Take one: it becomes this block's work, where it is. The others close with the block. Fights today: %d of %d.","Ota yksi: siitä tulee tämän jakson työ, siellä missä se on. Muut sulkeutuvat jakson mukana. Tappeluita tänään: %d/%d.",一つ選べ。その場所で、この時間の仕事になる。残りはこの時間が終わると閉じる。今日の戦い: %d/%d。
door.none,"Nothing is open. Rest, and let the block pass.",Mitään ei ole auki. Lepää ja anna jakson mennä.,開いている仕事はない。この時間を終えろ。
door.pass,LET THE BLOCK PASS,ANNA JAKSON MENNÄ,この時間を終える
door.taken,%s: travel to %s to do it.,%s: kulje paikkaan %s tehdäksesi sen.,%s: %sへ移動して行え。
door.fights_full,already %d fights today,jo %d tappelua tänään,今日の戦いはもう%d
chapter.goal_unmet,the chapter goal is not met,luvun tavoite ei ole täynnä,章の目標に届いていない
chapter.out_missed,"The boat left without Aatami on it. No stake, and no upgrade.","Laiva lähti ilman Aatamia. Ei panosta, ei parannusta.",アータミのいないまま、コンテナは港を出た。払う金もなく、得る物もない。
chapter.closes,CHAPTER %d CLOSES,LUKU %d PÄÄTTYY,第%d章が終わる
chapter.to_be_continued,TO BE CONTINUED,JATKUU,まだ終わらない
chapter.road_points,WHERE THIS ROAD POINTS · ERA I,MIHIN TÄMÄ TIE VIE · AIKAKAUSI I,この道はどこへ向かうか · 時代 I
chapter.new_ten,START A NEW TEN DAYS,ALOITA UUDET KYMMENEN PÄIVÄÄ,新しい10日を始める
chapter.summary,EXIT FUND €%d · DEBT €%d · CREW %d · JASKA %d,LÄHTÖRAHASTO %d € · VELKA %d € · PORUKKA %d · JASKA %d,出発の金 €%d · 借金 €%d · 仲間 %d · Jaska %d
chapter.earned_runs,"Earned. %s runs on day %d's night at %s, for €%d.","Ansaittu. %s tehdään päivän %d yönä paikassa %s, hintaan %d €.",得た。%sは%d日目の夜、%sで行う。€%d。
chapter.short,"Earned by fencing loot at Piritori; market sales and mission payouts do not count. Short of it on day %d, the boat sails without you.","Ansaitaan myymällä saalista Piritorilla; torikaupat ja keikkojen palkkiot eivät lasketa. Jos se jää vajaaksi päivänä %d, laiva lähtee ilman sinua.",ピリトリで物を売って得る金だけが数に入る。%d日目までに足りなければ、コンテナはあんた抜きで出ていく。
